{"cameraMode":{"drawMode":0,"name":"Shaded","section":"Shading Mode"},"sceneLighting":false,"audioPlay":false,"sceneViewState":{"m_AlwaysRefresh":false,"showFog":true,"showSkybox":false,"showFlares":true,"showImageEffects":true,"showParticleSystems":true,"showVisualEffectGraphs":true,"m_FxEnabled":true},"in2DMode":false,"pivot":{"x":17.394899368286134,"y":2.119999885559082,"z":-13.474800109863282},"rotation":{"x":-0.06620154529809952,"y":0.042489390820264819,"z":-0.0028226871509104969,"w":-0.996894121170044},"size":1.7842352390289307,"orthographic":false}