{"cameraMode":{"drawMode":0,"name":"Shaded","section":"Shading Mode"},"sceneLighting":false,"audioPlay":false,"sceneViewState":{"m_AlwaysRefresh":false,"showFog":true,"showSkybox":false,"showFlares":true,"showImageEffects":true,"showParticleSystems":true,"showVisualEffectGraphs":true,"m_FxEnabled":true},"in2DMode":false,"pivot":{"x":17.394899368286134,"y":17.3799991607666,"z":-13.979999542236329},"rotation":{"x":-0.11114044487476349,"y":0.40119749307632449,"z":-0.049114443361759189,"w":-0.9078947305679321},"size":1.7842365503311158,"orthographic":false}